item,score
misc. beverages,0.6
whole milk,0.4
cat food,0.37283586418746023
sliced cheese,0.34674553292725524
other vegetables,0.3310344827586207
hard cheese,0.18512386951894655
meat,0.16015725696436794
yogurt,0.13241379310344828
cling film/bags,0.09511649410403653
domestic eggs,0.09450308458165414
