item,score
beverages,0.6
whole milk,0.4
soda,0.32207792207792213
rolls/buns,0.30129870129870134
flour,0.2982050100072082
yogurt,0.27532467532467536
chicken,0.24325130044319426
frankfurter,0.21688436278458112
ham,0.21618239382122237
dishes,0.17591846888476736
