item,score
beverages,0.6
whole milk,0.4
soda,0.32207792207792213
rolls/buns,0.30129870129870134
yogurt,0.27532467532467536
frozen meals,0.235510116248965
chewing gum,0.225444249862992
pickled vegetables,0.19108843750411192
specialty bar,0.1797241208185181
seasonal products,0.1563495443741159
