item,score
red/blush wine,0.6
ice cream,0.5054102834367662
frozen meals,0.4310337508142151
dog food,0.4265805489422808
whole milk,0.4
cling film/bags,0.33337576186151446
chocolate,0.30390222558573965
white wine,0.29730659805794213
frozen potato products,0.29723327827166235
condensed milk,0.29579903249169837
