item,score
specialty bar,0.6
white wine,0.446430726003167
dish cleaner,0.39299027522055674
meat,0.35297327874523915
mustard,0.33550556892809247
flower (seeds),0.3283370623020545
frozen fish,0.2727479876352441
meat spreads,0.23743397979033773
pickled vegetables,0.21868456573468184
canned vegetables,0.21626692706166584
