item,score
whole milk,0.008671211577562492
other vegetables,0.007176175098672407
yogurt,0.0028704700394689632
