item,score
whole milk,0.0041263006817366344
other vegetables,0.003468484631024997
yogurt,0.0028704700394689632
soda,0.0026312642028465494
