item,score
whole milk,0.01142207869872025
soda,0.00633895467049396
yogurt,0.006039947374715943
