item,score
whole milk,0.004604712354981461
soda,0.0037076904676474104
rolls/buns,0.003468484631024997
yogurt,0.00316947733524698
