Method,Hit Rate,Precision,Coverage,Diversity
Hybrid,0.04444444444444444,0.04,0.19161676646706588,0.4680851063829787
Collaborative Filtering,0.05,0.02,0.19161676646706588,0.47795823665893267
Pattern-based,0.28939393939393937,0.14,0.08383233532934131,0.3035714285714286
